ticket_id,user_id,issue_type,status,created_at,resolved_at
1,780,Payment Issue,Open,2025-02-06,
2,911,Bug Report,Open,2024-09-19,
3,549,Bug Report,Pending,2024-12-23,
4,394,Feature Request,Open,2025-03-07,
5,339,Login Issue,Resolved,2025-05-07,2025-05-15
6,22,Bug Report,Pending,2024-09-26,
7,634,Feature Request,Open,2025-07-01,
8,912,Feature Request,Open,2025-07-26,
9,190,Feature Request,Resolved,2025-07-21,2025-07-25
10,800,Feature Request,Resolved,2025-06-20,2025-06-26
11,414,Login Issue,Resolved,2025-07-21,2025-07-29
12,638,Login Issue,Pending,2025-02-05,
13,485,Feature Request,Resolved,2024-10-20,2024-11-02
14,656,Login Issue,Resolved,2025-02-11,2025-02-16
15,783,Payment Issue,Open,2024-08-08,
16,658,Payment Issue,Open,2024-11-13,
17,768,Feature Request,Resolved,2025-03-24,2025-03-27
18,576,Feature Request,Pending,2025-02-01,
19,622,Feature Request,Resolved,2025-06-27,2025-06-30
20,687,Bug Report,Pending,2024-09-13,
21,250,Feature Request,Pending,2025-02-02,
22,919,Login Issue,Resolved,2025-03-27,2025-03-31
23,848,Login Issue,Resolved,2025-02-18,2025-02-22
24,984,Payment Issue,Pending,2025-06-29,
25,121,Feature Request,Pending,2024-11-17,
26,580,Payment Issue,Resolved,2025-03-30,2025-04-11
27,31,Feature Request,Resolved,2025-06-13,2025-06-16
28,605,Bug Report,Pending,2025-05-01,
29,693,Feature Request,Resolved,2025-07-28,2025-07-31
30,677,Bug Report,Open,2025-04-22,
31,803,Payment Issue,Pending,2024-11-01,
32,388,Bug Report,Resolved,2025-02-07,2025-02-10
33,646,Login Issue,Open,2024-08-22,
34,16,Payment Issue,Resolved,2025-03-19,2025-03-31
35,101,Feature Request,Open,2024-08-28,
36,827,Bug Report,Pending,2024-08-24,
37,345,Login Issue,Resolved,2024-10-24,2024-11-02
38,864,Feature Request,Resolved,2025-04-21,2025-04-22
39,409,Feature Request,Open,2024-10-28,
40,602,Bug Report,Pending,2025-03-27,
41,279,Login Issue,Open,2025-04-04,
42,853,Feature Request,Resolved,2024-11-12,2024-11-23
43,771,Feature Request,Open,2024-12-21,
44,7,Payment Issue,Pending,2025-01-22,
45,401,Payment Issue,Open,2024-09-24,
46,57,Login Issue,Resolved,2025-05-01,2025-05-03
47,516,Feature Request,Open,2025-03-07,
48,84,Feature Request,Pending,2025-06-18,
49,343,Login Issue,Open,2024-08-13,
50,969,Login Issue,Resolved,2025-03-08,2025-03-21
51,541,Login Issue,Pending,2024-12-11,
52,664,Bug Report,Open,2024-09-02,
53,301,Login Issue,Pending,2025-05-30,
54,330,Login Issue,Resolved,2025-02-04,2025-02-14
55,418,Feature Request,Pending,2025-03-31,
56,535,Feature Request,Pending,2024-11-01,
57,973,Payment Issue,Pending,2025-06-05,
58,422,Feature Request,Open,2025-02-01,
59,748,Bug Report,Open,2025-04-10,
60,653,Bug Report,Resolved,2024-11-08,2024-11-13
61,18,Payment Issue,Resolved,2025-04-10,2025-04-15
62,454,Bug Report,Resolved,2024-10-26,2024-10-29
63,167,Login Issue,Pending,2025-05-03,
64,966,Payment Issue,Open,2025-04-12,
65,744,Payment Issue,Resolved,2024-12-12,2024-12-18
66,688,Feature Request,Pending,2025-06-15,
67,141,Bug Report,Open,2025-04-16,
68,569,Login Issue,Pending,2024-12-26,
69,894,Payment Issue,Pending,2025-04-01,
70,641,Payment Issue,Resolved,2024-10-01,2024-10-10
71,946,Login Issue,Open,2024-11-03,
72,579,Login Issue,Resolved,2025-07-05,2025-07-16
73,24,Payment Issue,Pending,2025-03-15,
74,691,Bug Report,Open,2025-03-22,
75,994,Feature Request,Open,2025-04-21,
76,208,Payment Issue,Open,2025-07-12,
77,92,Feature Request,Resolved,2024-11-10,2024-11-24
78,367,Feature Request,Open,2025-06-23,
79,354,Payment Issue,Open,2024-09-04,
80,479,Login Issue,Resolved,2024-12-15,2024-12-27
81,11,Feature Request,Open,2025-04-15,
82,695,Login Issue,Open,2025-02-12,
83,618,Feature Request,Open,2024-08-14,
84,389,Login Issue,Open,2025-02-18,
85,769,Payment Issue,Open,2024-08-14,
86,845,Bug Report,Open,2025-03-12,
87,479,Payment Issue,Pending,2025-02-12,
88,588,Bug Report,Resolved,2025-05-17,2025-05-27
89,125,Feature Request,Open,2025-06-25,
90,459,Login Issue,Pending,2025-05-29,
91,559,Bug Report,Resolved,2025-06-27,2025-06-30
92,271,Login Issue,Pending,2025-06-29,
93,985,Feature Request,Pending,2025-04-02,
94,331,Login Issue,Open,2025-03-18,
95,885,Payment Issue,Resolved,2025-07-19,2025-07-31
96,523,Login Issue,Open,2024-09-03,
97,442,Bug Report,Resolved,2025-04-27,2025-05-11
98,55,Feature Request,Resolved,2024-12-29,2025-01-09
99,210,Bug Report,Open,2025-03-14,
100,408,Payment Issue,Pending,2024-11-28,
101,111,Feature Request,Resolved,2024-11-11,2024-11-22
102,759,Payment Issue,Pending,2024-08-20,
103,526,Feature Request,Open,2025-05-02,
104,77,Login Issue,Open,2025-05-19,
105,655,Login Issue,Resolved,2025-05-06,2025-05-17
106,916,Feature Request,Open,2024-11-01,
107,644,Feature Request,Resolved,2025-02-04,2025-02-18
108,532,Payment Issue,Open,2025-06-05,
109,587,Bug Report,Pending,2025-02-25,
110,850,Payment Issue,Pending,2025-07-19,
111,704,Payment Issue,Open,2025-04-15,
112,777,Payment Issue,Open,2025-02-23,
113,896,Feature Request,Open,2025-07-09,
114,869,Feature Request,Pending,2025-04-23,
115,698,Bug Report,Resolved,2025-07-23,2025-07-26
116,30,Bug Report,Open,2025-07-15,
117,587,Payment Issue,Pending,2024-11-09,
118,24,Payment Issue,Pending,2024-11-15,
119,603,Payment Issue,Resolved,2025-08-01,2025-08-04
120,698,Login Issue,Resolved,2024-11-18,2024-11-30
121,490,Login Issue,Resolved,2025-06-04,2025-06-10
122,882,Payment Issue,Open,2025-04-15,
123,922,Payment Issue,Pending,2024-09-22,
124,799,Feature Request,Open,2024-11-18,
125,374,Login Issue,Resolved,2025-03-16,2025-03-23
126,554,Feature Request,Open,2025-04-16,
127,675,Feature Request,Open,2024-12-12,
128,230,Bug Report,Resolved,2024-08-18,2024-08-19
129,691,Feature Request,Open,2024-10-11,
130,403,Bug Report,Open,2024-12-06,
131,796,Bug Report,Pending,2025-04-19,
132,459,Login Issue,Pending,2024-09-07,
133,272,Payment Issue,Pending,2024-08-08,
134,154,Login Issue,Pending,2025-02-19,
135,667,Feature Request,Open,2024-10-11,
136,585,Feature Request,Resolved,2025-07-11,2025-07-18
137,582,Payment Issue,Resolved,2025-05-01,2025-05-04
138,774,Login Issue,Pending,2025-07-26,
139,605,Bug Report,Open,2025-01-08,
140,441,Bug Report,Pending,2024-11-04,
141,889,Login Issue,Open,2024-12-04,
142,130,Login Issue,Resolved,2024-08-22,2024-09-05
143,818,Login Issue,Pending,2024-10-18,
144,709,Feature Request,Pending,2025-07-24,
145,862,Payment Issue,Pending,2024-11-08,
146,613,Bug Report,Pending,2025-05-12,
147,993,Bug Report,Pending,2025-04-01,
148,134,Bug Report,Pending,2024-08-14,
149,346,Login Issue,Pending,2024-11-06,
150,87,Bug Report,Resolved,2024-12-28,2025-01-07
151,463,Payment Issue,Open,2025-05-17,
152,712,Payment Issue,Open,2025-04-21,
153,366,Feature Request,Open,2024-11-14,
154,917,Payment Issue,Resolved,2024-09-11,2024-09-17
155,400,Payment Issue,Open,2025-03-10,
156,553,Feature Request,Open,2024-11-08,
157,957,Payment Issue,Resolved,2024-10-06,2024-10-10
158,390,Login Issue,Pending,2025-06-22,
159,66,Payment Issue,Resolved,2025-01-12,2025-01-18
160,626,Payment Issue,Resolved,2025-06-11,2025-06-22
161,555,Feature Request,Pending,2024-09-30,
162,589,Payment Issue,Pending,2025-07-14,
163,510,Feature Request,Open,2024-10-20,
164,328,Feature Request,Resolved,2025-04-13,2025-04-14
165,768,Login Issue,Pending,2025-02-08,
166,545,Bug Report,Pending,2024-12-14,
167,537,Login Issue,Resolved,2025-07-07,2025-07-14
168,659,Feature Request,Pending,2025-06-21,
169,641,Feature Request,Resolved,2024-08-14,2024-08-18
170,54,Bug Report,Open,2025-07-21,
171,680,Bug Report,Resolved,2025-03-29,2025-04-12
172,391,Bug Report,Pending,2025-06-19,
173,468,Login Issue,Open,2025-03-05,
174,690,Login Issue,Open,2025-05-12,
175,287,Feature Request,Pending,2024-10-10,
176,351,Bug Report,Resolved,2024-09-28,2024-10-09
177,258,Feature Request,Pending,2024-12-03,
178,403,Payment Issue,Pending,2025-02-21,
179,404,Feature Request,Open,2025-04-13,
180,362,Bug Report,Open,2024-09-29,
181,654,Feature Request,Pending,2025-02-18,
182,975,Feature Request,Pending,2024-11-05,
183,546,Bug Report,Resolved,2025-07-10,2025-07-23
184,851,Feature Request,Open,2025-04-01,
185,560,Login Issue,Resolved,2025-06-19,2025-07-01
186,415,Feature Request,Resolved,2024-10-20,2024-10-28
187,82,Bug Report,Open,2024-08-25,
188,546,Bug Report,Pending,2025-02-05,
189,955,Payment Issue,Open,2025-02-21,
190,936,Bug Report,Resolved,2025-06-21,2025-07-05
191,172,Feature Request,Resolved,2025-03-25,2025-04-07
192,969,Feature Request,Pending,2024-11-27,
193,228,Bug Report,Pending,2024-11-13,
194,623,Bug Report,Open,2025-05-19,
195,229,Login Issue,Pending,2024-10-25,
196,728,Payment Issue,Resolved,2024-08-12,2024-08-16
197,375,Login Issue,Pending,2025-01-24,
198,502,Bug Report,Resolved,2024-08-15,2024-08-17
199,973,Bug Report,Open,2025-05-22,
200,625,Bug Report,Resolved,2024-09-27,2024-10-11
201,792,Bug Report,Resolved,2024-12-19,2024-12-30
202,230,Login Issue,Open,2024-10-17,
203,314,Login Issue,Pending,2025-07-26,
204,916,Login Issue,Open,2025-01-04,
205,936,Payment Issue,Pending,2025-04-01,
206,496,Feature Request,Open,2025-07-07,
207,204,Bug Report,Pending,2025-01-06,
208,242,Bug Report,Open,2025-06-30,
209,89,Bug Report,Open,2025-07-11,
210,404,Bug Report,Open,2025-01-31,
211,334,Bug Report,Resolved,2024-11-29,2024-12-01
212,111,Bug Report,Resolved,2025-02-05,2025-02-14
213,208,Login Issue,Open,2025-01-12,
214,747,Feature Request,Resolved,2025-04-22,2025-04-23
215,635,Feature Request,Resolved,2024-10-31,2024-11-05
216,488,Login Issue,Open,2024-08-08,
217,818,Payment Issue,Resolved,2025-06-10,2025-06-17
218,872,Bug Report,Open,2025-03-17,
219,17,Bug Report,Open,2025-04-15,
220,714,Login Issue,Resolved,2024-08-15,2024-08-26
221,974,Login Issue,Open,2024-09-17,
222,795,Bug Report,Open,2025-07-28,
223,468,Payment Issue,Pending,2025-01-06,
224,542,Login Issue,Pending,2024-12-02,
225,606,Payment Issue,Pending,2025-07-30,
226,62,Feature Request,Resolved,2024-10-23,2024-11-05
227,7,Bug Report,Resolved,2025-07-28,2025-08-05
228,133,Feature Request,Pending,2024-11-20,
229,540,Bug Report,Resolved,2025-02-01,2025-02-06
230,167,Feature Request,Resolved,2024-09-17,2024-09-19
231,571,Payment Issue,Resolved,2024-10-14,2024-10-28
232,60,Bug Report,Pending,2025-07-27,
233,519,Payment Issue,Resolved,2024-12-15,2024-12-19
234,552,Payment Issue,Resolved,2025-05-08,2025-05-09
235,306,Feature Request,Open,2025-07-07,
236,505,Bug Report,Pending,2025-04-05,
237,346,Bug Report,Pending,2025-02-21,
238,648,Bug Report,Pending,2025-05-28,
239,603,Payment Issue,Resolved,2024-09-02,2024-09-10
240,816,Bug Report,Pending,2025-07-03,
241,862,Bug Report,Open,2024-08-13,
242,515,Feature Request,Resolved,2024-12-11,2024-12-22
243,981,Login Issue,Open,2024-11-11,
244,832,Payment Issue,Resolved,2024-12-23,2024-12-29
245,27,Feature Request,Open,2025-01-07,
246,904,Login Issue,Open,2025-07-17,
247,160,Bug Report,Resolved,2025-02-28,2025-03-04
248,655,Feature Request,Pending,2025-01-29,
249,663,Feature Request,Open,2025-08-03,
250,982,Feature Request,Open,2024-12-10,
251,659,Login Issue,Resolved,2024-12-07,2024-12-21
252,890,Bug Report,Open,2024-08-23,
253,214,Login Issue,Resolved,2025-06-02,2025-06-11
254,349,Payment Issue,Open,2024-09-17,
255,535,Feature Request,Pending,2025-02-18,
256,649,Payment Issue,Pending,2025-06-04,
257,756,Feature Request,Pending,2025-01-29,
258,103,Bug Report,Resolved,2024-11-02,2024-11-07
259,292,Payment Issue,Resolved,2024-12-12,2024-12-25
260,601,Payment Issue,Open,2025-07-17,
261,512,Feature Request,Resolved,2025-08-03,2025-08-05
262,460,Payment Issue,Pending,2024-11-09,
263,973,Bug Report,Pending,2025-03-24,
264,424,Feature Request,Pending,2025-04-21,
265,7,Feature Request,Resolved,2024-09-02,2024-09-13
266,867,Feature Request,Resolved,2025-06-29,2025-07-08
267,295,Feature Request,Open,2024-09-24,
268,539,Feature Request,Open,2025-07-16,
269,725,Login Issue,Pending,2025-01-10,
270,137,Feature Request,Open,2024-12-02,
271,130,Feature Request,Pending,2025-02-12,
272,147,Login Issue,Pending,2025-01-02,
273,313,Login Issue,Open,2025-05-03,
274,387,Login Issue,Open,2025-07-18,
275,533,Feature Request,Resolved,2025-03-18,2025-03-24
276,269,Payment Issue,Open,2024-08-14,
277,209,Payment Issue,Resolved,2025-01-10,2025-01-13
278,25,Feature Request,Resolved,2024-12-13,2024-12-14
279,414,Login Issue,Pending,2025-04-06,
280,467,Feature Request,Open,2025-04-12,
281,922,Bug Report,Resolved,2024-12-24,2025-01-04
282,476,Bug Report,Resolved,2024-12-06,2024-12-08
283,765,Bug Report,Pending,2024-10-23,
284,643,Bug Report,Resolved,2024-10-29,2024-11-02
285,139,Payment Issue,Open,2024-09-06,
286,884,Login Issue,Resolved,2025-05-23,2025-06-05
287,146,Login Issue,Pending,2025-03-20,
288,837,Payment Issue,Resolved,2024-09-05,2024-09-12
289,922,Feature Request,Pending,2025-05-04,
290,105,Payment Issue,Open,2025-07-29,
291,563,Feature Request,Pending,2025-01-31,
292,451,Login Issue,Pending,2025-05-26,
293,481,Feature Request,Open,2025-01-11,
294,469,Feature Request,Open,2025-01-28,
295,454,Feature Request,Pending,2024-08-12,
296,672,Feature Request,Open,2025-07-31,
297,334,Feature Request,Open,2025-03-12,
298,159,Feature Request,Pending,2025-07-03,
299,422,Feature Request,Open,2025-03-18,
300,751,Payment Issue,Resolved,2025-02-11,2025-02-14
301,674,Login Issue,Pending,2024-11-27,
302,311,Feature Request,Pending,2025-05-05,
303,564,Feature Request,Open,2024-10-16,
304,919,Feature Request,Resolved,2025-02-23,2025-03-02
305,669,Bug Report,Pending,2025-07-07,
306,988,Feature Request,Pending,2024-10-27,
307,877,Feature Request,Resolved,2024-09-30,2024-10-11
308,570,Bug Report,Resolved,2024-12-12,2024-12-13
309,428,Login Issue,Resolved,2025-03-30,2025-04-08
310,743,Payment Issue,Pending,2025-07-21,
311,762,Payment Issue,Open,2025-04-21,
312,166,Payment Issue,Resolved,2025-07-28,2025-08-10
313,254,Login Issue,Pending,2024-11-04,
314,341,Bug Report,Resolved,2025-06-01,2025-06-06
315,592,Payment Issue,Pending,2025-01-20,
316,733,Login Issue,Open,2025-01-07,
317,915,Payment Issue,Pending,2024-10-13,
318,845,Payment Issue,Open,2025-06-19,
319,192,Feature Request,Resolved,2025-03-10,2025-03-21
320,72,Feature Request,Open,2025-02-07,
321,340,Feature Request,Pending,2024-09-22,
322,923,Payment Issue,Pending,2025-04-05,
323,933,Payment Issue,Pending,2024-11-30,
324,116,Feature Request,Resolved,2025-08-02,2025-08-09
325,725,Bug Report,Open,2025-05-02,
326,594,Feature Request,Open,2025-07-03,
327,153,Login Issue,Pending,2025-06-05,
328,771,Login Issue,Open,2025-06-22,
329,813,Bug Report,Resolved,2025-06-04,2025-06-08
330,747,Login Issue,Pending,2025-02-16,
331,193,Feature Request,Open,2025-04-16,
332,905,Login Issue,Resolved,2024-11-28,2024-12-08
333,780,Payment Issue,Pending,2025-04-14,
334,831,Payment Issue,Pending,2025-04-10,
335,516,Payment Issue,Resolved,2025-05-31,2025-06-14
336,701,Feature Request,Pending,2025-07-10,
337,758,Bug Report,Pending,2025-02-09,
338,527,Bug Report,Open,2025-02-23,
339,243,Payment Issue,Open,2024-10-22,
340,818,Login Issue,Open,2024-12-08,
341,18,Bug Report,Resolved,2024-08-10,2024-08-22
342,242,Payment Issue,Pending,2024-12-27,
343,84,Bug Report,Open,2025-03-15,
344,472,Login Issue,Resolved,2025-04-22,2025-04-30
345,856,Feature Request,Open,2025-07-18,
346,893,Login Issue,Open,2025-07-08,
347,798,Feature Request,Pending,2024-08-17,
348,592,Feature Request,Pending,2024-11-09,
349,965,Bug Report,Pending,2025-04-26,
350,25,Login Issue,Resolved,2024-12-27,2025-01-07
351,204,Payment Issue,Resolved,2024-09-05,2024-09-11
352,670,Feature Request,Open,2024-12-03,
353,627,Feature Request,Open,2025-01-19,
354,591,Payment Issue,Resolved,2024-09-24,2024-10-01
355,85,Feature Request,Pending,2025-05-05,
356,608,Payment Issue,Open,2024-11-05,
357,624,Login Issue,Open,2024-11-20,
358,408,Login Issue,Pending,2025-01-02,
359,155,Feature Request,Open,2024-12-15,
360,213,Feature Request,Open,2025-04-12,
361,888,Payment Issue,Resolved,2025-02-12,2025-02-14
362,478,Feature Request,Open,2024-12-21,
363,118,Login Issue,Open,2024-09-28,
364,116,Payment Issue,Resolved,2024-11-26,2024-12-02
365,108,Feature Request,Open,2024-12-25,
366,43,Login Issue,Pending,2025-07-03,
367,739,Login Issue,Resolved,2024-09-27,2024-10-09
368,140,Bug Report,Pending,2025-02-15,
369,761,Payment Issue,Open,2025-02-27,
370,203,Feature Request,Open,2024-12-31,
371,301,Feature Request,Resolved,2025-07-17,2025-07-22
372,390,Bug Report,Open,2025-03-31,
373,550,Login Issue,Pending,2025-07-05,
374,184,Payment Issue,Pending,2025-07-07,
375,898,Bug Report,Pending,2024-12-17,
376,107,Feature Request,Resolved,2025-06-02,2025-06-15
377,181,Login Issue,Open,2025-03-24,
378,292,Login Issue,Pending,2024-12-10,
379,700,Payment Issue,Pending,2025-04-15,
380,538,Feature Request,Resolved,2025-06-04,2025-06-12
381,881,Login Issue,Pending,2025-03-11,
382,681,Bug Report,Open,2025-06-03,
383,154,Bug Report,Resolved,2025-01-27,2025-01-28
384,132,Login Issue,Pending,2025-05-09,
385,199,Bug Report,Resolved,2024-09-20,2024-09-26
386,739,Payment Issue,Open,2025-05-06,
387,830,Login Issue,Open,2025-04-29,
388,733,Bug Report,Open,2025-05-17,
389,798,Payment Issue,Open,2025-05-22,
390,795,Login Issue,Open,2025-02-08,
391,993,Payment Issue,Open,2025-04-01,
392,146,Bug Report,Open,2025-02-06,
393,435,Bug Report,Pending,2025-08-02,
394,335,Bug Report,Resolved,2024-12-27,2025-01-02
395,315,Feature Request,Open,2025-01-11,
396,867,Login Issue,Resolved,2024-12-22,2024-12-27
397,965,Login Issue,Pending,2025-01-07,
398,798,Feature Request,Open,2024-10-23,
399,145,Payment Issue,Open,2025-03-10,
400,433,Login Issue,Resolved,2024-09-21,2024-10-01
401,629,Feature Request,Resolved,2024-09-15,2024-09-17
402,237,Payment Issue,Resolved,2024-09-19,2024-10-02
403,62,Feature Request,Pending,2024-10-01,
404,635,Login Issue,Resolved,2025-07-22,2025-07-25
405,737,Login Issue,Resolved,2025-07-02,2025-07-13
406,437,Login Issue,Resolved,2024-10-22,2024-11-02
407,234,Feature Request,Open,2024-09-14,
408,881,Bug Report,Pending,2025-06-03,
409,666,Login Issue,Resolved,2025-02-12,2025-02-14
410,328,Bug Report,Open,2025-01-18,
411,848,Login Issue,Open,2024-08-06,
412,719,Bug Report,Open,2024-10-16,
413,256,Login Issue,Open,2024-12-20,
414,18,Bug Report,Resolved,2025-06-28,2025-07-04
415,980,Payment Issue,Pending,2024-09-10,
416,937,Payment Issue,Resolved,2024-11-09,2024-11-11
417,434,Bug Report,Pending,2025-05-14,
418,67,Bug Report,Resolved,2025-04-13,2025-04-20
419,605,Bug Report,Resolved,2025-04-29,2025-05-11
420,292,Payment Issue,Open,2025-07-19,
421,969,Feature Request,Resolved,2025-02-17,2025-02-22
422,492,Login Issue,Open,2025-06-22,
423,857,Bug Report,Resolved,2024-11-11,2024-11-13
424,445,Login Issue,Open,2024-12-10,
425,46,Login Issue,Open,2024-10-30,
426,817,Login Issue,Open,2025-05-17,
427,213,Login Issue,Pending,2024-09-19,
428,812,Payment Issue,Pending,2025-01-12,
429,236,Login Issue,Resolved,2024-11-02,2024-11-04
430,409,Bug Report,Open,2024-08-29,
431,501,Feature Request,Resolved,2024-09-17,2024-09-27
432,529,Login Issue,Pending,2025-05-27,
433,14,Login Issue,Pending,2025-03-10,
434,687,Bug Report,Resolved,2024-11-01,2024-11-14
435,110,Feature Request,Pending,2025-05-03,
436,32,Login Issue,Resolved,2025-07-17,2025-07-28
437,722,Login Issue,Resolved,2024-10-24,2024-10-30
438,87,Feature Request,Pending,2024-09-24,
439,44,Payment Issue,Resolved,2025-07-10,2025-07-16
440,105,Feature Request,Open,2024-08-22,
441,474,Feature Request,Resolved,2024-12-10,2024-12-17
442,82,Login Issue,Resolved,2024-09-19,2024-09-24
443,370,Bug Report,Resolved,2024-08-12,2024-08-13
444,308,Feature Request,Resolved,2025-05-31,2025-06-10
445,180,Login Issue,Pending,2025-01-11,
446,202,Login Issue,Open,2024-12-08,
447,579,Payment Issue,Open,2024-12-06,
448,358,Bug Report,Resolved,2025-05-25,2025-06-05
449,437,Payment Issue,Pending,2024-10-01,
450,260,Payment Issue,Open,2025-04-05,
451,210,Login Issue,Pending,2025-06-07,
452,6,Bug Report,Open,2025-02-18,
453,688,Feature Request,Pending,2025-01-26,
454,413,Feature Request,Resolved,2025-06-14,2025-06-16
455,945,Bug Report,Resolved,2025-02-04,2025-02-14
456,911,Payment Issue,Resolved,2025-07-02,2025-07-14
457,843,Feature Request,Open,2024-09-14,
458,362,Login Issue,Pending,2025-05-01,
459,247,Feature Request,Pending,2025-03-24,
460,875,Payment Issue,Open,2024-08-08,
461,33,Login Issue,Resolved,2025-06-21,2025-06-28
462,413,Payment Issue,Resolved,2025-03-17,2025-03-27
463,103,Bug Report,Resolved,2024-12-17,2024-12-21
464,642,Login Issue,Open,2025-01-18,
465,815,Login Issue,Open,2025-03-25,
466,458,Payment Issue,Pending,2025-02-25,
467,479,Login Issue,Resolved,2025-03-18,2025-03-28
468,39,Login Issue,Pending,2025-07-18,
469,671,Bug Report,Pending,2025-06-08,
470,242,Login Issue,Pending,2025-04-21,
471,577,Bug Report,Pending,2025-04-01,
472,4,Bug Report,Open,2024-11-10,
473,684,Login Issue,Resolved,2024-11-22,2024-11-28
474,804,Feature Request,Open,2024-10-12,
475,262,Login Issue,Pending,2025-06-19,
476,305,Payment Issue,Resolved,2024-12-21,2024-12-29
477,803,Payment Issue,Pending,2024-08-25,
478,230,Login Issue,Open,2024-11-27,
479,475,Payment Issue,Pending,2025-04-26,
480,124,Payment Issue,Resolved,2025-04-08,2025-04-17
481,618,Bug Report,Open,2025-05-23,
482,421,Payment Issue,Open,2024-10-18,
483,153,Feature Request,Resolved,2024-12-01,2024-12-09
484,294,Login Issue,Resolved,2024-11-10,2024-11-16
485,492,Bug Report,Open,2024-10-03,
486,239,Feature Request,Resolved,2025-07-13,2025-07-26
487,448,Feature Request,Open,2025-01-26,
488,755,Bug Report,Pending,2024-11-20,
489,583,Login Issue,Pending,2024-09-30,
490,457,Login Issue,Open,2024-11-25,
491,729,Bug Report,Open,2024-10-30,
492,905,Payment Issue,Pending,2024-11-06,
493,143,Login Issue,Open,2024-11-06,
494,479,Login Issue,Pending,2025-05-20,
495,472,Feature Request,Open,2024-09-14,
496,92,Payment Issue,Open,2025-04-23,
497,862,Feature Request,Pending,2024-12-16,
498,682,Login Issue,Pending,2025-03-07,
499,823,Bug Report,Open,2025-05-09,
500,871,Login Issue,Open,2024-08-10,
501,379,Payment Issue,Open,2025-03-16,
502,919,Login Issue,Open,2025-06-02,
503,1000,Payment Issue,Open,2025-03-01,
504,749,Bug Report,Pending,2025-05-17,
505,521,Login Issue,Open,2025-05-08,
506,994,Payment Issue,Resolved,2025-06-06,2025-06-09
507,312,Feature Request,Open,2024-08-28,
508,777,Login Issue,Resolved,2024-12-08,2024-12-09
509,970,Bug Report,Pending,2024-08-20,
510,526,Feature Request,Pending,2025-04-04,
511,451,Bug Report,Resolved,2024-11-05,2024-11-13
512,955,Login Issue,Pending,2025-03-29,
513,177,Login Issue,Open,2024-09-01,
514,266,Login Issue,Resolved,2025-04-05,2025-04-18
515,486,Bug Report,Resolved,2025-06-22,2025-06-23
516,683,Login Issue,Open,2025-07-04,
517,863,Feature Request,Resolved,2024-10-26,2024-11-08
518,577,Login Issue,Resolved,2025-01-16,2025-01-19
519,610,Payment Issue,Open,2025-01-20,
520,783,Login Issue,Open,2024-10-20,
521,524,Payment Issue,Pending,2024-11-27,
522,837,Bug Report,Open,2025-03-22,
523,615,Payment Issue,Pending,2025-01-17,
524,926,Feature Request,Resolved,2025-08-02,2025-08-03
525,744,Payment Issue,Pending,2025-06-14,
526,966,Payment Issue,Pending,2025-05-24,
527,651,Login Issue,Resolved,2024-10-07,2024-10-12
528,45,Bug Report,Open,2025-03-08,
529,731,Login Issue,Resolved,2025-02-02,2025-02-05
530,927,Login Issue,Pending,2024-09-16,
531,434,Login Issue,Resolved,2025-03-03,2025-03-10
532,438,Login Issue,Resolved,2025-04-26,2025-04-29
533,922,Feature Request,Open,2025-01-27,
534,500,Bug Report,Pending,2025-03-03,
535,916,Feature Request,Resolved,2024-10-26,2024-11-06
536,741,Payment Issue,Resolved,2025-06-20,2025-06-21
537,110,Payment Issue,Pending,2024-11-16,
538,818,Payment Issue,Open,2024-11-14,
539,300,Login Issue,Pending,2025-01-03,
540,949,Payment Issue,Pending,2024-12-23,
541,656,Bug Report,Pending,2024-12-19,
542,386,Payment Issue,Pending,2025-02-02,
543,255,Bug Report,Pending,2025-07-13,
544,440,Login Issue,Resolved,2025-03-01,2025-03-03
545,464,Bug Report,Open,2024-09-29,
546,67,Payment Issue,Open,2024-11-04,
547,157,Bug Report,Open,2025-07-07,
548,396,Feature Request,Open,2024-09-08,
549,956,Bug Report,Pending,2024-12-21,
550,779,Feature Request,Pending,2024-09-24,
551,417,Bug Report,Pending,2024-08-28,
552,560,Feature Request,Open,2025-05-20,
553,515,Feature Request,Resolved,2025-07-28,2025-08-07
554,548,Payment Issue,Pending,2025-01-02,
555,714,Feature Request,Pending,2024-08-17,
556,43,Payment Issue,Open,2024-12-24,
557,265,Payment Issue,Resolved,2025-05-10,2025-05-24
558,155,Payment Issue,Pending,2024-08-30,
559,590,Login Issue,Resolved,2024-12-31,2025-01-11
560,23,Login Issue,Open,2024-08-20,
561,308,Login Issue,Open,2024-10-10,
562,850,Login Issue,Pending,2024-12-11,
563,918,Feature Request,Resolved,2025-01-02,2025-01-10
564,678,Feature Request,Open,2024-09-16,
565,732,Payment Issue,Open,2024-09-07,
566,239,Feature Request,Resolved,2024-12-07,2024-12-09
567,737,Payment Issue,Open,2025-05-02,
568,350,Feature Request,Open,2025-01-29,
569,45,Bug Report,Resolved,2024-11-10,2024-11-13
570,570,Login Issue,Resolved,2024-10-01,2024-10-13
571,341,Login Issue,Open,2024-11-12,
572,369,Bug Report,Resolved,2025-01-22,2025-02-02
573,508,Feature Request,Resolved,2024-12-14,2024-12-16
574,128,Login Issue,Resolved,2025-06-16,2025-06-19
575,326,Login Issue,Open,2025-01-28,
576,714,Bug Report,Resolved,2024-12-28,2025-01-02
577,29,Payment Issue,Resolved,2025-04-16,2025-04-18
578,866,Login Issue,Resolved,2024-08-22,2024-08-26
579,774,Payment Issue,Pending,2025-03-17,
580,67,Feature Request,Pending,2024-08-31,
581,265,Login Issue,Pending,2025-07-18,
582,555,Login Issue,Resolved,2025-06-17,2025-06-27
583,473,Feature Request,Open,2025-07-05,
584,279,Login Issue,Resolved,2025-07-07,2025-07-11
585,278,Payment Issue,Pending,2024-08-31,
586,869,Login Issue,Open,2025-04-04,
587,860,Bug Report,Pending,2025-02-25,
588,190,Payment Issue,Pending,2025-02-19,
589,386,Bug Report,Pending,2025-04-09,
590,433,Feature Request,Pending,2025-06-22,
591,999,Payment Issue,Pending,2025-07-18,
592,634,Payment Issue,Resolved,2024-08-17,2024-08-30
593,953,Payment Issue,Pending,2025-03-22,
594,320,Login Issue,Resolved,2025-02-15,2025-02-27
595,349,Bug Report,Resolved,2024-10-10,2024-10-17
596,823,Login Issue,Open,2025-01-07,
597,128,Feature Request,Pending,2024-10-29,
598,614,Feature Request,Open,2024-11-12,
599,866,Payment Issue,Resolved,2025-01-30,2025-02-09
600,253,Payment Issue,Pending,2025-05-02,
601,46,Bug Report,Open,2024-09-09,
602,73,Payment Issue,Open,2024-09-18,
603,433,Login Issue,Open,2024-10-15,
604,853,Payment Issue,Open,2025-03-12,
605,432,Bug Report,Open,2025-04-09,
606,421,Feature Request,Open,2025-06-06,
607,528,Bug Report,Resolved,2025-07-19,2025-07-26
608,382,Login Issue,Resolved,2024-11-26,2024-12-04
609,498,Login Issue,Open,2024-08-13,
610,26,Bug Report,Open,2025-07-04,
611,306,Bug Report,Open,2025-01-23,
612,49,Bug Report,Resolved,2024-11-23,2024-12-02
613,385,Bug Report,Pending,2025-07-05,
614,883,Payment Issue,Resolved,2025-01-26,2025-02-05
615,510,Payment Issue,Open,2025-03-24,
616,335,Payment Issue,Resolved,2025-07-07,2025-07-18
617,166,Login Issue,Resolved,2025-06-18,2025-06-26
618,323,Payment Issue,Resolved,2024-10-05,2024-10-12
619,502,Payment Issue,Resolved,2025-06-01,2025-06-02
620,551,Login Issue,Pending,2024-08-08,
621,462,Bug Report,Resolved,2024-11-30,2024-12-10
622,988,Feature Request,Open,2025-06-08,
623,801,Login Issue,Resolved,2025-07-12,2025-07-21
624,134,Feature Request,Resolved,2025-05-03,2025-05-11
625,265,Payment Issue,Resolved,2025-07-10,2025-07-14
626,803,Feature Request,Pending,2024-09-22,
627,189,Payment Issue,Resolved,2025-06-30,2025-07-02
628,718,Bug Report,Open,2024-08-12,
629,112,Payment Issue,Pending,2025-04-17,
630,343,Bug Report,Open,2025-02-27,
631,948,Login Issue,Open,2025-02-12,
632,712,Payment Issue,Open,2024-12-07,
633,877,Feature Request,Open,2025-06-30,
634,180,Feature Request,Resolved,2024-11-17,2024-11-20
635,186,Payment Issue,Resolved,2024-12-23,2024-12-30
636,988,Payment Issue,Pending,2025-05-28,
637,673,Payment Issue,Resolved,2024-12-19,2024-12-27
638,411,Feature Request,Resolved,2024-09-15,2024-09-23
639,628,Login Issue,Resolved,2025-03-19,2025-03-23
640,29,Login Issue,Open,2024-09-08,
641,182,Bug Report,Pending,2024-11-30,
642,103,Login Issue,Resolved,2025-04-17,2025-04-19
643,933,Bug Report,Pending,2025-06-12,
644,817,Payment Issue,Open,2024-11-02,
645,7,Login Issue,Open,2025-03-10,
646,486,Payment Issue,Resolved,2025-05-25,2025-06-07
647,729,Payment Issue,Pending,2024-12-31,
648,131,Feature Request,Open,2024-10-10,
649,178,Bug Report,Resolved,2025-03-08,2025-03-18
650,954,Login Issue,Resolved,2024-11-18,2024-12-01
651,457,Feature Request,Pending,2025-06-23,
652,419,Bug Report,Open,2024-10-20,
653,654,Payment Issue,Open,2024-10-21,
654,151,Login Issue,Open,2025-04-30,
655,55,Feature Request,Pending,2025-06-08,
656,258,Feature Request,Pending,2024-12-04,
657,778,Payment Issue,Resolved,2025-06-18,2025-06-21
658,234,Payment Issue,Resolved,2025-01-04,2025-01-07
659,714,Payment Issue,Pending,2024-08-13,
660,50,Payment Issue,Pending,2025-02-02,
661,359,Feature Request,Resolved,2024-08-20,2024-08-28
662,272,Feature Request,Resolved,2025-05-06,2025-05-17
663,131,Login Issue,Pending,2024-10-22,
664,571,Feature Request,Pending,2024-12-29,
665,333,Bug Report,Resolved,2024-12-11,2024-12-18
666,817,Bug Report,Open,2025-06-05,
667,33,Payment Issue,Resolved,2025-01-26,2025-02-06
668,313,Bug Report,Resolved,2024-08-11,2024-08-24
669,668,Payment Issue,Resolved,2025-06-14,2025-06-15
670,758,Feature Request,Open,2025-03-29,
671,866,Login Issue,Open,2024-08-14,
672,144,Feature Request,Open,2025-08-03,
673,958,Payment Issue,Resolved,2025-05-25,2025-06-02
674,789,Payment Issue,Pending,2025-02-06,
675,963,Login Issue,Resolved,2025-05-20,2025-05-26
676,449,Payment Issue,Open,2025-03-19,
677,249,Bug Report,Pending,2025-04-29,
678,657,Feature Request,Resolved,2025-06-08,2025-06-20
679,174,Login Issue,Open,2024-12-21,
680,889,Payment Issue,Pending,2025-02-24,
681,174,Login Issue,Resolved,2025-07-15,2025-07-25
682,363,Login Issue,Pending,2025-02-06,
683,556,Login Issue,Open,2024-12-16,
684,622,Payment Issue,Open,2025-03-31,
685,847,Login Issue,Resolved,2025-02-21,2025-03-02
686,337,Feature Request,Open,2025-03-25,
687,396,Feature Request,Resolved,2025-01-25,2025-02-03
688,737,Feature Request,Resolved,2024-11-03,2024-11-13
689,640,Feature Request,Resolved,2024-12-29,2025-01-06
690,869,Feature Request,Resolved,2024-11-23,2024-12-04
691,13,Login Issue,Pending,2024-11-22,
692,807,Login Issue,Pending,2024-10-29,
693,71,Payment Issue,Resolved,2025-06-23,2025-07-02
694,486,Bug Report,Pending,2025-04-13,
695,927,Login Issue,Resolved,2024-10-13,2024-10-20
696,354,Feature Request,Resolved,2025-07-07,2025-07-13
697,261,Bug Report,Pending,2025-03-14,
698,979,Bug Report,Resolved,2024-10-13,2024-10-17
699,269,Payment Issue,Open,2025-03-05,
700,846,Feature Request,Pending,2025-04-25,
701,901,Bug Report,Pending,2024-08-11,
702,68,Payment Issue,Pending,2025-07-11,
703,635,Feature Request,Resolved,2024-12-31,2025-01-14
704,722,Login Issue,Open,2024-11-25,
705,658,Bug Report,Open,2025-05-18,
706,660,Login Issue,Open,2025-03-12,
707,550,Payment Issue,Pending,2025-01-12,
708,525,Bug Report,Pending,2025-01-11,
709,753,Payment Issue,Pending,2025-02-12,
710,582,Payment Issue,Pending,2024-11-20,
711,541,Feature Request,Pending,2025-02-17,
712,614,Login Issue,Resolved,2025-06-02,2025-06-13
713,323,Payment Issue,Pending,2025-03-27,
714,720,Feature Request,Resolved,2024-08-31,2024-09-04
715,108,Bug Report,Resolved,2024-09-18,2024-09-29
716,698,Feature Request,Resolved,2025-06-01,2025-06-12
717,386,Feature Request,Open,2024-12-30,
718,830,Login Issue,Pending,2025-05-25,
719,613,Payment Issue,Pending,2024-09-26,
720,259,Feature Request,Resolved,2025-01-20,2025-01-30
721,136,Feature Request,Pending,2025-06-02,
722,665,Feature Request,Pending,2024-10-14,
723,461,Feature Request,Pending,2025-04-05,
724,242,Feature Request,Pending,2024-11-27,
725,812,Login Issue,Open,2024-10-30,
726,1000,Login Issue,Pending,2025-02-24,
727,676,Payment Issue,Open,2024-12-08,
728,402,Feature Request,Pending,2025-06-07,
729,216,Feature Request,Pending,2024-09-23,
730,888,Login Issue,Pending,2024-11-27,
731,592,Feature Request,Open,2025-07-08,
732,150,Login Issue,Open,2025-05-01,
733,836,Login Issue,Open,2025-06-12,
734,190,Feature Request,Open,2025-03-28,
735,911,Login Issue,Open,2025-03-11,
736,65,Payment Issue,Resolved,2025-01-01,2025-01-13
737,445,Payment Issue,Open,2025-05-09,
738,47,Login Issue,Pending,2024-09-01,
739,862,Payment Issue,Pending,2025-06-12,
740,396,Login Issue,Open,2025-03-22,
741,561,Login Issue,Resolved,2025-03-26,2025-04-07
742,194,Bug Report,Resolved,2024-10-11,2024-10-16
743,816,Login Issue,Resolved,2024-09-26,2024-09-30
744,64,Feature Request,Pending,2024-08-18,
745,297,Bug Report,Pending,2025-02-26,
746,250,Login Issue,Pending,2024-08-24,
747,523,Login Issue,Resolved,2024-10-13,2024-10-15
748,283,Payment Issue,Pending,2025-07-16,
749,657,Feature Request,Open,2024-10-25,
750,323,Bug Report,Resolved,2024-08-26,2024-09-05
751,888,Bug Report,Pending,2025-07-17,
752,810,Login Issue,Open,2025-07-30,
753,4,Feature Request,Pending,2025-02-17,
754,792,Login Issue,Resolved,2025-03-12,2025-03-14
755,856,Payment Issue,Open,2025-01-24,
756,4,Bug Report,Resolved,2024-12-19,2024-12-30
757,967,Bug Report,Pending,2025-02-09,
758,603,Payment Issue,Resolved,2025-04-15,2025-04-28
759,855,Login Issue,Resolved,2025-04-09,2025-04-16
760,21,Login Issue,Resolved,2025-01-01,2025-01-07
761,444,Payment Issue,Resolved,2024-11-05,2024-11-10
762,276,Login Issue,Open,2025-06-21,
763,14,Payment Issue,Resolved,2025-06-08,2025-06-12
764,307,Login Issue,Pending,2025-06-03,
765,93,Feature Request,Resolved,2025-06-01,2025-06-02
766,2,Payment Issue,Pending,2025-03-11,
767,332,Login Issue,Resolved,2025-01-28,2025-02-06
768,629,Bug Report,Pending,2024-08-24,
769,481,Login Issue,Pending,2025-04-14,
770,630,Login Issue,Resolved,2024-11-22,2024-12-03
771,792,Feature Request,Resolved,2024-09-06,2024-09-18
772,430,Feature Request,Resolved,2024-08-13,2024-08-26
773,568,Feature Request,Resolved,2024-11-08,2024-11-18
774,548,Payment Issue,Open,2024-09-13,
775,398,Payment Issue,Open,2025-07-08,
776,541,Feature Request,Pending,2024-11-25,
777,444,Login Issue,Resolved,2024-08-07,2024-08-18
778,542,Payment Issue,Pending,2025-07-08,
779,75,Bug Report,Open,2024-08-31,
780,380,Payment Issue,Open,2024-12-22,
781,372,Payment Issue,Open,2025-07-06,
782,584,Payment Issue,Resolved,2025-04-04,2025-04-10
783,24,Feature Request,Open,2025-05-05,
784,23,Login Issue,Open,2025-06-25,
785,442,Bug Report,Resolved,2024-12-06,2024-12-09
786,870,Feature Request,Resolved,2024-08-19,2024-08-23
787,16,Bug Report,Open,2025-05-28,
788,567,Login Issue,Pending,2024-08-15,
789,378,Feature Request,Open,2024-11-15,
790,803,Payment Issue,Resolved,2024-10-10,2024-10-12
791,344,Bug Report,Open,2025-07-05,
792,472,Payment Issue,Resolved,2025-08-04,2025-08-07
793,298,Login Issue,Pending,2025-01-28,
794,766,Feature Request,Resolved,2025-05-02,2025-05-03
795,304,Payment Issue,Pending,2025-03-07,
796,190,Login Issue,Open,2025-03-08,
797,555,Feature Request,Resolved,2025-01-10,2025-01-13
798,95,Payment Issue,Open,2025-07-22,
799,447,Bug Report,Open,2024-12-26,
800,167,Feature Request,Pending,2024-10-26,
801,966,Payment Issue,Resolved,2024-11-05,2024-11-07
802,525,Login Issue,Resolved,2024-10-04,2024-10-14
803,55,Bug Report,Pending,2025-05-08,
804,749,Bug Report,Resolved,2025-01-14,2025-01-16
805,939,Feature Request,Open,2025-01-29,
806,844,Bug Report,Pending,2025-06-13,
807,301,Bug Report,Resolved,2024-12-14,2024-12-20
808,854,Login Issue,Resolved,2025-01-01,2025-01-15
809,446,Feature Request,Open,2024-10-19,
810,866,Feature Request,Open,2025-04-17,
811,865,Bug Report,Resolved,2024-09-15,2024-09-16
812,851,Login Issue,Pending,2025-04-30,
813,589,Login Issue,Pending,2024-12-22,
814,51,Login Issue,Pending,2025-03-15,
815,409,Feature Request,Pending,2024-10-14,
816,921,Bug Report,Resolved,2025-06-17,2025-06-30
817,282,Login Issue,Resolved,2025-04-09,2025-04-15
818,176,Feature Request,Open,2025-05-25,
819,286,Payment Issue,Open,2025-01-19,
820,516,Feature Request,Pending,2025-03-17,
821,626,Bug Report,Pending,2025-06-07,
822,907,Bug Report,Open,2025-01-03,
823,60,Login Issue,Resolved,2025-02-14,2025-02-22
824,533,Feature Request,Open,2025-03-21,
825,706,Bug Report,Pending,2024-09-29,
826,464,Feature Request,Open,2025-05-07,
827,140,Payment Issue,Open,2024-08-22,
828,399,Bug Report,Open,2025-08-02,
829,494,Login Issue,Open,2025-07-30,
830,806,Bug Report,Pending,2025-01-11,
831,657,Login Issue,Open,2025-04-02,
832,119,Bug Report,Open,2025-01-05,
833,626,Feature Request,Resolved,2025-07-18,2025-07-31
834,908,Login Issue,Pending,2025-05-14,
835,89,Bug Report,Open,2025-07-07,
836,438,Login Issue,Pending,2025-07-09,
837,902,Login Issue,Pending,2024-12-14,
838,372,Feature Request,Resolved,2024-10-10,2024-10-17
839,55,Feature Request,Open,2025-07-11,
840,45,Login Issue,Resolved,2024-09-04,2024-09-09
841,73,Payment Issue,Pending,2025-06-07,
842,322,Login Issue,Open,2025-07-29,
843,980,Payment Issue,Resolved,2024-10-08,2024-10-13
844,928,Login Issue,Pending,2025-07-07,
845,588,Bug Report,Pending,2024-09-26,
846,729,Bug Report,Pending,2025-04-29,
847,301,Feature Request,Pending,2024-09-03,
848,145,Payment Issue,Resolved,2024-10-16,2024-10-26
849,608,Feature Request,Resolved,2025-07-10,2025-07-21
850,353,Feature Request,Pending,2025-07-21,
851,264,Bug Report,Resolved,2024-09-17,2024-09-25
852,785,Login Issue,Resolved,2025-04-28,2025-05-11
853,857,Login Issue,Pending,2025-03-19,
854,813,Feature Request,Resolved,2024-11-11,2024-11-16
855,208,Bug Report,Pending,2024-11-18,
856,85,Feature Request,Pending,2024-12-12,
857,793,Login Issue,Open,2024-10-06,
858,265,Bug Report,Open,2024-11-25,
859,158,Bug Report,Pending,2025-04-24,
860,680,Payment Issue,Open,2024-09-23,
861,702,Feature Request,Open,2024-10-27,
862,480,Bug Report,Open,2024-10-20,
863,995,Bug Report,Resolved,2025-01-27,2025-02-04
864,263,Feature Request,Resolved,2025-07-27,2025-07-28
865,893,Feature Request,Resolved,2024-11-26,2024-12-08
866,543,Login Issue,Resolved,2025-03-30,2025-03-31
867,883,Bug Report,Pending,2025-06-24,
868,446,Login Issue,Pending,2025-08-01,
869,440,Payment Issue,Open,2025-07-09,
870,603,Feature Request,Pending,2024-09-25,
871,258,Bug Report,Pending,2025-03-24,
872,516,Feature Request,Pending,2025-01-07,
873,311,Feature Request,Resolved,2025-01-19,2025-01-20
874,820,Feature Request,Resolved,2024-10-03,2024-10-06
875,944,Bug Report,Resolved,2025-07-25,2025-08-01
876,937,Feature Request,Pending,2024-12-23,
877,49,Bug Report,Resolved,2025-01-02,2025-01-11
878,55,Payment Issue,Resolved,2025-01-14,2025-01-22
879,950,Bug Report,Pending,2025-04-26,
880,52,Payment Issue,Resolved,2024-10-16,2024-10-23
881,460,Bug Report,Resolved,2024-12-26,2024-12-31
882,82,Bug Report,Resolved,2024-08-06,2024-08-11
883,164,Feature Request,Pending,2025-01-09,
884,188,Login Issue,Pending,2024-11-22,
885,35,Bug Report,Resolved,2025-03-13,2025-03-22
886,110,Login Issue,Resolved,2025-03-20,2025-03-31
887,645,Bug Report,Pending,2025-02-24,
888,29,Login Issue,Open,2024-09-02,
889,103,Login Issue,Open,2025-07-07,
890,474,Payment Issue,Open,2025-06-06,
891,616,Login Issue,Open,2025-03-18,
892,337,Bug Report,Pending,2025-07-11,
893,966,Payment Issue,Pending,2024-12-30,
894,399,Login Issue,Pending,2025-01-16,
895,720,Feature Request,Open,2024-09-12,
896,650,Login Issue,Resolved,2024-09-17,2024-09-30
897,735,Bug Report,Open,2024-09-06,
898,323,Bug Report,Pending,2025-03-23,
899,964,Login Issue,Pending,2024-08-21,
900,182,Login Issue,Open,2025-02-16,
901,683,Feature Request,Open,2025-03-23,
902,449,Bug Report,Pending,2025-07-06,
903,366,Login Issue,Open,2025-06-09,
904,162,Payment Issue,Pending,2025-07-23,
905,942,Login Issue,Open,2024-10-11,
906,328,Login Issue,Resolved,2024-12-26,2025-01-02
907,220,Feature Request,Resolved,2025-01-07,2025-01-15
908,990,Bug Report,Resolved,2025-05-20,2025-05-27
909,649,Bug Report,Open,2025-03-13,
910,449,Bug Report,Open,2025-01-10,
911,979,Payment Issue,Open,2024-11-30,
912,784,Payment Issue,Pending,2025-07-17,
913,196,Feature Request,Resolved,2024-10-27,2024-11-01
914,610,Login Issue,Resolved,2025-04-26,2025-05-06
915,726,Bug Report,Pending,2025-06-18,
916,29,Feature Request,Pending,2025-05-16,
917,770,Login Issue,Open,2024-12-08,
918,10,Payment Issue,Resolved,2025-01-08,2025-01-16
919,981,Feature Request,Resolved,2025-01-20,2025-01-30
920,792,Login Issue,Open,2025-05-25,
921,707,Login Issue,Open,2025-04-30,
922,285,Bug Report,Open,2024-09-23,
923,961,Login Issue,Open,2025-06-13,
924,439,Login Issue,Pending,2025-05-26,
925,627,Bug Report,Open,2025-03-11,
926,74,Bug Report,Pending,2025-06-24,
927,629,Login Issue,Open,2024-08-09,
928,670,Bug Report,Pending,2025-04-17,
929,632,Feature Request,Pending,2025-06-12,
930,368,Bug Report,Open,2025-07-11,
931,932,Bug Report,Pending,2025-01-24,
932,581,Bug Report,Open,2024-10-11,
933,47,Bug Report,Resolved,2024-11-16,2024-11-24
934,73,Login Issue,Open,2025-02-26,
935,418,Payment Issue,Pending,2025-05-03,
936,964,Login Issue,Pending,2025-07-07,
937,20,Payment Issue,Pending,2025-07-29,
938,439,Login Issue,Open,2025-06-26,
939,560,Payment Issue,Pending,2025-05-21,
940,450,Payment Issue,Resolved,2025-06-26,2025-07-01
941,46,Feature Request,Resolved,2024-08-22,2024-08-24
942,513,Bug Report,Pending,2025-05-08,
943,697,Feature Request,Pending,2024-08-21,
944,912,Feature Request,Pending,2025-02-06,
945,199,Bug Report,Resolved,2025-05-22,2025-05-29
946,595,Bug Report,Open,2024-09-22,
947,22,Login Issue,Resolved,2024-11-21,2024-12-05
948,503,Payment Issue,Resolved,2025-03-12,2025-03-16
949,777,Feature Request,Resolved,2024-12-30,2025-01-06
950,336,Login Issue,Open,2025-04-14,
951,165,Bug Report,Open,2025-03-27,
952,75,Payment Issue,Open,2025-04-12,
953,389,Bug Report,Resolved,2025-06-03,2025-06-09
954,134,Payment Issue,Open,2025-02-15,
955,293,Login Issue,Resolved,2024-12-15,2024-12-22
956,551,Bug Report,Open,2024-12-01,
957,597,Login Issue,Pending,2024-09-24,
958,192,Feature Request,Open,2024-12-03,
959,809,Feature Request,Resolved,2024-12-14,2024-12-26
960,339,Login Issue,Open,2024-12-19,
961,16,Login Issue,Pending,2025-06-24,
962,41,Payment Issue,Pending,2025-05-01,
963,48,Bug Report,Open,2025-06-23,
964,6,Payment Issue,Pending,2024-10-05,
965,260,Feature Request,Open,2025-04-22,
966,156,Login Issue,Open,2024-11-07,
967,394,Payment Issue,Resolved,2024-09-10,2024-09-11
968,226,Feature Request,Pending,2025-04-29,
969,950,Login Issue,Resolved,2024-08-19,2024-08-24
970,918,Bug Report,Resolved,2025-03-18,2025-04-01
971,343,Payment Issue,Resolved,2024-12-29,2025-01-04
972,878,Feature Request,Open,2025-04-08,
973,176,Payment Issue,Resolved,2025-06-25,2025-06-26
974,172,Payment Issue,Open,2024-09-27,
975,237,Feature Request,Resolved,2024-10-18,2024-10-19
976,688,Feature Request,Open,2025-04-01,
977,906,Feature Request,Resolved,2024-09-25,2024-10-02
978,379,Bug Report,Pending,2024-11-17,
979,192,Login Issue,Resolved,2025-08-03,2025-08-07
980,474,Payment Issue,Open,2025-03-12,
981,712,Feature Request,Open,2024-08-12,
982,930,Payment Issue,Open,2024-10-14,
983,94,Bug Report,Open,2025-05-23,
984,232,Login Issue,Open,2024-10-05,
985,194,Payment Issue,Pending,2024-09-02,
986,981,Feature Request,Open,2024-08-26,
987,663,Feature Request,Open,2024-10-25,
988,362,Login Issue,Pending,2025-02-20,
989,587,Payment Issue,Pending,2025-02-06,
990,5,Bug Report,Pending,2024-11-20,
991,97,Payment Issue,Open,2025-06-06,
992,792,Login Issue,Pending,2025-03-29,
993,448,Feature Request,Pending,2024-11-07,
994,381,Bug Report,Pending,2024-12-15,
995,564,Login Issue,Pending,2025-01-15,
996,603,Bug Report,Pending,2025-07-17,
997,768,Payment Issue,Pending,2025-04-25,
998,997,Payment Issue,Open,2025-06-29,
999,721,Login Issue,Resolved,2024-09-20,2024-09-26
1000,570,Login Issue,Pending,2025-07-18,
1001,52,Bug Report,Open,2025-05-14,
1002,491,Feature Request,Open,2025-04-29,
1003,561,Payment Issue,Pending,2024-11-13,
1004,966,Feature Request,Pending,2024-08-19,
1005,931,Payment Issue,Open,2024-08-18,
1006,823,Bug Report,Resolved,2024-09-29,2024-10-05
1007,985,Bug Report,Open,2024-09-20,
1008,674,Login Issue,Pending,2025-05-25,
1009,142,Feature Request,Pending,2025-05-05,
1010,773,Payment Issue,Open,2025-04-09,
1011,2,Login Issue,Open,2025-04-16,
1012,565,Feature Request,Pending,2025-03-02,
1013,302,Feature Request,Pending,2024-09-21,
1014,949,Feature Request,Open,2025-06-14,
1015,679,Feature Request,Open,2024-09-02,
1016,259,Login Issue,Resolved,2025-07-27,2025-08-08
1017,286,Payment Issue,Resolved,2024-11-28,2024-12-02
1018,671,Feature Request,Pending,2025-07-13,
1019,135,Login Issue,Open,2025-06-24,
1020,432,Bug Report,Pending,2025-06-01,
1021,617,Feature Request,Pending,2025-06-11,
1022,11,Feature Request,Pending,2025-07-03,
1023,643,Login Issue,Open,2025-05-10,
1024,37,Feature Request,Open,2025-01-01,
1025,284,Feature Request,Open,2025-02-01,
1026,873,Feature Request,Open,2025-02-01,
1027,735,Payment Issue,Resolved,2025-03-05,2025-03-13
1028,368,Feature Request,Pending,2024-09-29,
1029,897,Login Issue,Open,2024-08-20,
1030,382,Feature Request,Open,2025-06-02,
1031,921,Feature Request,Pending,2025-03-27,
1032,96,Payment Issue,Resolved,2024-12-27,2024-12-31
1033,908,Login Issue,Resolved,2025-03-30,2025-03-31
1034,260,Payment Issue,Open,2025-02-04,
1035,3,Login Issue,Resolved,2024-09-15,2024-09-25
1036,733,Feature Request,Resolved,2025-06-03,2025-06-15
1037,468,Payment Issue,Resolved,2024-10-19,2024-10-26
1038,408,Login Issue,Pending,2024-10-04,
1039,551,Feature Request,Open,2024-10-29,
1040,787,Login Issue,Pending,2025-04-22,
1041,24,Feature Request,Pending,2024-12-16,
1042,92,Payment Issue,Pending,2025-01-13,
1043,905,Login Issue,Resolved,2025-02-20,2025-02-25
1044,306,Payment Issue,Pending,2024-08-31,
1045,42,Feature Request,Pending,2024-09-03,
1046,768,Feature Request,Open,2025-05-15,
1047,967,Login Issue,Resolved,2025-03-16,2025-03-26
1048,254,Bug Report,Open,2025-02-11,
1049,635,Payment Issue,Resolved,2025-06-16,2025-06-23
1050,167,Feature Request,Pending,2025-05-20,
1051,84,Feature Request,Open,2024-12-08,
1052,430,Payment Issue,Open,2024-08-14,
1053,514,Login Issue,Resolved,2024-09-19,2024-09-29
1054,416,Bug Report,Resolved,2025-04-02,2025-04-05
1055,862,Payment Issue,Resolved,2024-11-21,2024-11-29
1056,977,Login Issue,Resolved,2024-08-12,2024-08-20
1057,240,Payment Issue,Open,2025-06-26,
1058,87,Payment Issue,Resolved,2025-02-01,2025-02-03
1059,371,Login Issue,Resolved,2024-08-27,2024-08-29
1060,596,Bug Report,Resolved,2025-01-18,2025-01-29
1061,308,Login Issue,Resolved,2025-05-23,2025-06-02
1062,989,Payment Issue,Resolved,2024-10-21,2024-11-01
1063,202,Bug Report,Pending,2024-08-06,
1064,789,Feature Request,Pending,2025-03-14,
1065,231,Payment Issue,Resolved,2025-05-23,2025-05-29
1066,9,Bug Report,Pending,2025-02-14,
1067,620,Payment Issue,Open,2024-09-04,
1068,465,Feature Request,Open,2024-11-26,
1069,867,Feature Request,Resolved,2025-07-09,2025-07-12
1070,138,Payment Issue,Open,2025-06-08,
1071,91,Bug Report,Open,2025-07-09,
1072,262,Feature Request,Resolved,2025-01-29,2025-02-08
1073,682,Feature Request,Pending,2024-10-09,
1074,352,Bug Report,Resolved,2024-09-05,2024-09-17
1075,690,Feature Request,Open,2024-10-30,
1076,696,Login Issue,Pending,2025-03-02,
1077,753,Payment Issue,Pending,2025-05-22,
1078,974,Login Issue,Pending,2025-08-02,
1079,638,Payment Issue,Open,2025-08-01,
1080,655,Feature Request,Pending,2025-02-26,
1081,319,Login Issue,Pending,2025-01-16,
1082,616,Payment Issue,Resolved,2025-01-28,2025-02-04
1083,226,Feature Request,Pending,2024-12-27,
1084,347,Feature Request,Open,2025-05-26,
1085,738,Bug Report,Resolved,2024-09-03,2024-09-07
1086,998,Feature Request,Resolved,2025-01-07,2025-01-13
1087,683,Login Issue,Resolved,2025-04-08,2025-04-12
1088,545,Feature Request,Open,2025-06-11,
1089,252,Bug Report,Open,2024-11-21,
1090,973,Login Issue,Pending,2025-04-14,
1091,247,Login Issue,Open,2025-07-14,
1092,724,Bug Report,Pending,2024-10-14,
1093,542,Payment Issue,Resolved,2025-02-07,2025-02-08
1094,29,Bug Report,Pending,2025-06-02,
1095,274,Bug Report,Resolved,2024-10-05,2024-10-17
1096,798,Payment Issue,Pending,2024-12-26,
1097,578,Bug Report,Resolved,2024-10-16,2024-10-22
1098,339,Payment Issue,Resolved,2025-07-03,2025-07-13
1099,601,Bug Report,Pending,2024-10-19,
1100,791,Bug Report,Open,2024-09-20,
1101,370,Feature Request,Resolved,2025-06-10,2025-06-18
1102,380,Payment Issue,Resolved,2025-06-06,2025-06-18
1103,403,Payment Issue,Pending,2024-11-22,
1104,609,Payment Issue,Open,2025-06-10,
1105,442,Feature Request,Resolved,2025-04-08,2025-04-09
1106,130,Login Issue,Open,2025-03-03,
1107,352,Bug Report,Resolved,2025-03-24,2025-03-27
1108,23,Login Issue,Pending,2024-11-14,
1109,341,Bug Report,Pending,2024-09-23,
1110,90,Bug Report,Open,2025-03-24,
1111,779,Payment Issue,Pending,2024-12-21,
1112,147,Bug Report,Resolved,2025-04-04,2025-04-10
1113,590,Payment Issue,Resolved,2024-11-16,2024-11-22
1114,310,Payment Issue,Open,2024-11-22,
1115,116,Feature Request,Open,2024-09-26,
1116,465,Bug Report,Open,2025-03-21,
1117,246,Bug Report,Pending,2025-03-22,
1118,603,Login Issue,Resolved,2025-05-16,2025-05-18
1119,186,Payment Issue,Open,2024-10-01,
1120,956,Bug Report,Open,2025-03-25,
1121,684,Bug Report,Pending,2025-03-29,
1122,558,Feature Request,Open,2025-07-28,
1123,812,Feature Request,Resolved,2024-12-18,2024-12-21
1124,837,Login Issue,Resolved,2024-10-05,2024-10-14
1125,796,Bug Report,Resolved,2025-07-05,2025-07-08
1126,219,Login Issue,Resolved,2025-07-27,2025-08-04
1127,581,Payment Issue,Open,2024-09-29,
1128,674,Payment Issue,Open,2025-05-16,
1129,107,Login Issue,Open,2024-09-15,
1130,547,Login Issue,Resolved,2025-05-22,2025-05-29
1131,963,Bug Report,Open,2025-03-11,
1132,146,Login Issue,Open,2024-10-07,
1133,378,Payment Issue,Open,2025-07-20,
1134,939,Bug Report,Resolved,2025-07-16,2025-07-27
1135,161,Feature Request,Resolved,2025-03-09,2025-03-13
1136,836,Bug Report,Pending,2024-08-12,
1137,918,Feature Request,Resolved,2025-05-22,2025-05-29
1138,911,Payment Issue,Resolved,2025-04-18,2025-04-23
1139,274,Payment Issue,Open,2024-10-03,
1140,116,Payment Issue,Open,2025-05-03,
1141,659,Feature Request,Pending,2025-03-23,
1142,957,Login Issue,Pending,2025-06-06,
1143,542,Payment Issue,Resolved,2025-05-18,2025-05-22
1144,897,Feature Request,Open,2025-02-28,
1145,927,Payment Issue,Resolved,2024-12-25,2024-12-27
1146,464,Feature Request,Pending,2024-08-25,
1147,441,Payment Issue,Pending,2025-03-26,
1148,332,Payment Issue,Open,2024-11-17,
1149,200,Payment Issue,Open,2025-03-14,
1150,115,Bug Report,Open,2025-06-18,
1151,662,Login Issue,Pending,2024-10-28,
1152,718,Bug Report,Open,2025-04-24,
1153,834,Payment Issue,Pending,2024-10-10,
1154,65,Login Issue,Resolved,2024-08-12,2024-08-26
1155,334,Login Issue,Open,2024-09-22,
1156,26,Feature Request,Resolved,2025-03-27,2025-04-02
1157,877,Feature Request,Pending,2024-10-17,
1158,132,Login Issue,Resolved,2024-12-23,2025-01-02
1159,191,Bug Report,Resolved,2025-05-08,2025-05-13
1160,679,Feature Request,Open,2024-12-31,
1161,436,Login Issue,Pending,2024-11-05,
1162,309,Feature Request,Pending,2024-09-12,
1163,709,Login Issue,Open,2025-03-12,
1164,782,Payment Issue,Pending,2025-04-30,
1165,826,Login Issue,Resolved,2025-03-02,2025-03-11
1166,169,Login Issue,Open,2024-12-27,
1167,125,Feature Request,Resolved,2025-05-01,2025-05-11
1168,638,Bug Report,Resolved,2024-11-27,2024-12-11
1169,727,Feature Request,Pending,2025-02-23,
1170,795,Payment Issue,Open,2025-02-04,
1171,929,Login Issue,Pending,2025-04-05,
1172,661,Feature Request,Pending,2024-12-31,
1173,744,Payment Issue,Open,2025-01-12,
1174,353,Feature Request,Pending,2024-09-22,
1175,383,Bug Report,Pending,2025-01-16,
1176,700,Feature Request,Open,2024-11-29,
1177,152,Feature Request,Open,2025-03-11,
1178,656,Payment Issue,Open,2024-12-09,
1179,717,Feature Request,Pending,2024-10-07,
1180,618,Feature Request,Open,2024-12-08,
1181,295,Bug Report,Resolved,2024-12-16,2024-12-25
1182,708,Feature Request,Resolved,2024-09-27,2024-10-11
1183,231,Feature Request,Open,2024-12-18,
1184,434,Payment Issue,Open,2025-02-08,
1185,520,Bug Report,Open,2025-06-20,
1186,481,Payment Issue,Open,2025-08-04,
1187,930,Login Issue,Pending,2024-08-25,
1188,1000,Payment Issue,Open,2025-03-02,
1189,524,Feature Request,Resolved,2025-01-23,2025-02-02
1190,622,Payment Issue,Open,2025-05-29,
1191,783,Feature Request,Open,2025-01-17,
1192,391,Login Issue,Open,2025-07-08,
1193,15,Payment Issue,Open,2024-12-16,
1194,160,Payment Issue,Open,2024-11-19,
1195,363,Feature Request,Pending,2025-06-10,
1196,695,Feature Request,Pending,2024-11-27,
1197,92,Payment Issue,Pending,2025-04-04,
1198,813,Payment Issue,Pending,2025-01-26,
1199,781,Bug Report,Pending,2024-08-15,
1200,881,Bug Report,Resolved,2024-08-17,2024-08-30
